<?xml version="1.0" encoding="UTF-8"?>
<project-private xmlns="http://www.netbeans.org/ns/project-private/1">
    <editor-bookmarks xmlns="http://www.netbeans.org/ns/editor-bookmarks/2" lastBookmarkId="0"/>
    <open-files xmlns="http://www.netbeans.org/ns/projectui-open-files/2">
        <group>
            <file>file:/C:/Users/sonal/OneDrive/Desktop/finalProject2/singh_sonali_002105639/FinalProject/db4odemo/src/userinterface/OrganizationAdminRole/OrganizationAdminWorkAreaJPanel.java</file>
            <file>file:/C:/Users/sonal/OneDrive/Desktop/finalProject2/singh_sonali_002105639/FinalProject/db4odemo/src/userinterface/RestaurantAdminRole/ManageMenuJPanel.java</file>
        </group>
    </open-files>
</project-private>
