<?xml version="1.0" encoding="UTF-8"?>
<project-private xmlns="http://www.netbeans.org/ns/project-private/1">
    <editor-bookmarks xmlns="http://www.netbeans.org/ns/editor-bookmarks/2" lastBookmarkId="0"/>
    <open-files xmlns="http://www.netbeans.org/ns/projectui-open-files/2">
        <group>
            <file>file:/C:/Users/krupa/OneDrive/Pictures/singh_sonali_002105639/FinalProject/db4odemo/src/userinterface/NGORole/AllStudentNGOJPanel.java</file>
            <file>file:/C:/Users/krupa/OneDrive/Pictures/singh_sonali_002105639/FinalProject/db4odemo/src/userinterface/SystemAdminWorkArea/ManagePeopleJPanel.java</file>
            <file>file:/C:/Users/krupa/OneDrive/Pictures/singh_sonali_002105639/FinalProject/db4odemo/src/userinterface/SystemAdminWorkArea/ManageNetworkJPanel.java</file>
            <file>file:/C:/Users/krupa/OneDrive/Pictures/singh_sonali_002105639/FinalProject/db4odemo/src/userinterface/SystemAdminWorkArea/ManageEnterpriseJPanel.java</file>
            <file>file:/C:/Users/krupa/OneDrive/Pictures/singh_sonali_002105639/FinalProject/db4odemo/src/userinterface/NGORole/CounsellingAvailableStudentsNGOJPanel.java</file>
            <file>file:/C:/Users/krupa/OneDrive/Pictures/singh_sonali_002105639/FinalProject/db4odemo/src/userinterface/SystemAdminWorkArea/ManageEnterpriseAdminJPanel.java</file>
            <file>file:/C:/Users/krupa/OneDrive/Pictures/singh_sonali_002105639/FinalProject/db4odemo/src/userinterface/NGORole/AdmitPersonToNGOJPanel.java</file>
            <file>file:/C:/Users/krupa/OneDrive/Pictures/singh_sonali_002105639/FinalProject/db4odemo/src/userinterface/NGORole/SendPersonForMedicalCheckup.java</file>
            <file>file:/C:/Users/krupa/OneDrive/Pictures/singh_sonali_002105639/FinalProject/db4odemo/src/userinterface/NGORole/NGOAdminJPanel.java</file>
        </group>
    </open-files>
</project-private>
